row_type,report_date,start_date,end_date,excel_row,funnel,platform,channel,campaign_name,investimento_media,percentuale_investimento,cpp_medio,stima_pratiche,cpl_target,stima_lead,stima_lead_giornaliere,stima_lead_progressiva,lead_effettive,delta_lead,stima_spending_giornaliera,stima_spending_progressiva,speso_effettivo,delta_speso,delta_delivery_pct,cpl_effettivo,delta_cpl,action,google_campaign_id,meta_campaign_id,microsoft_campaign_id,dynamics_campaign_key,source_status,lead_allocation_method
campaign,2026-10-01,2026-09-01,2026-09-30,2,Area Clienti,Google,Search,DYN_AREACL CQ e CQP | Calcola Preventivo - QUINTO DIGITALE,9500.0,0.14960629921259844,,,,,,,,,316.6666666666667,9500.0,9331.218307,-168.7816930000008,-0.017766494000000084,,,,23993507424,,,,google:ok;crm:stale,area_clienti_total
campaign,2026-10-01,2026-09-01,2026-09-30,3,Area Clienti,Google,Search,DYN_AREACL Delega di Pagamento - QUINTO DIGITALE,1000.0,0.015748031496062992,,,,,,,,,33.333333333333336,1000.0000000000001,961.452374,-38.54762600000015,-0.03854762600000015,,,,23998450448,,,,google:ok;crm:stale,area_clienti_total
campaign,2026-10-01,2026-09-01,2026-09-30,4,Area Clienti,Meta,Display,DYN_AREACL 2.0 - PURCHASE,9000.0,0.14173228346456693,,,,,,,,,300.0,9000.0,9280.64,280.6399999999994,0.031182222222222156,,,,,6905931065575,,,meta:ok;crm:stale,area_clienti_total
campaign,2026-10-01,2026-09-01,2026-09-30,6,Lead Veloce,Microsoft,Search,DYN_VELOCE Cessione del Quinto,1500.0,0.023622047244094488,,,40.0,38.0,1.2666666666666666,38.0,0.0,-38.0,50.0,1500.0,1277.3000000000002,-222.69999999999982,-0.14846666666666655,,,,,,533498925,,microsoft:ok;crm:stale,crm_mapping
campaign,2026-10-01,2026-09-01,2026-09-30,8,Lead Veloce,Google,Search,DYN_VELOCE Cessione del Quinto AIMAX,16000.0,0.25196850393700787,480.0,33.333333333333336,35.0,457.14285714285717,15.238095238095239,457.14285714285717,0.0,-457.14285714285717,533.3333333333334,16000.000000000002,14297.231349,-1702.7686510000021,-0.10642304068750012,,,,23990314506,,,,google:ok;crm:stale,crm_mapping
campaign,2026-10-01,2026-09-01,2026-09-30,9,Lead Veloce,Google,Search,DYN_VELOCE CQ Pensionati QUINTO DIGITALE,1000.0,0.015748031496062992,800.0,1.25,80.0,12.5,0.4166666666666667,12.5,0.0,-12.5,33.333333333333336,1000.0000000000001,1047.384667,47.38466699999992,0.047384666999999915,,,,23993375943,,,,google:ok;crm:stale,crm_mapping
campaign,2026-10-01,2026-09-01,2026-09-30,10,Lead Veloce,Google,Search,DYN_VELOCE CQ Pensionati ESTERO - Paesi Prioritari QUINTO DIGITALE,1000.0,0.015748031496062992,270.0,3.7037037037037037,74.0,13.513513513513514,0.45045045045045046,13.513513513513514,0.0,-13.513513513513514,33.333333333333336,1000.0000000000001,463.284966,-536.7150340000001,-0.536715034,,,,23993437149,,,,google:ok;crm:stale,crm_mapping
campaign,2026-10-01,2026-09-01,2026-09-30,11,Pulsanti,Google,Display,DYN_PUL Leads-Pmax,1000.0,0.015748031496062992,897.0,1.1148272017837235,15.0,66.66666666666667,2.2222222222222223,66.66666666666667,0.0,-66.66666666666667,33.333333333333336,1000.0000000000001,1120.858982,120.85898199999986,0.12085898199999984,,,,21905808840,,,,google:ok;crm:stale,crm_mapping
campaign,2026-10-01,2026-09-01,2026-09-30,12,Lead Veloce,Meta,Display,DYN_VELOCE New Creative Apr26,12000.0,0.1889763779527559,650.0,18.46153846153846,15.0,800.0,26.666666666666668,800.0,0.0,-800.0,400.0,12000.0,9929.41,-2070.59,-0.17254916666666667,,,,,6944411197975,,,meta:ok;crm:stale,crm_mapping
campaign,2026-10-01,2026-09-01,2026-09-30,13,Lead Veloce,Meta,Display,[BMK 2025] LeadGen CQD PEN [Ecuador],500.0,0.007874015748031496,,,30.0,16.666666666666668,0.5555555555555556,16.666666666666668,0.0,-16.666666666666668,16.666666666666668,500.00000000000006,420.73,-79.27000000000004,-0.15854000000000007,,,,,52553120790579,,,meta:ok;crm:stale,crm_mapping
campaign,2026-10-01,2026-09-01,2026-09-30,14,Lead Veloce,Meta,Display,[BMK 2025] LeadGen CQD PEN [Tunisia],500.0,0.007874015748031496,700.0,0.7142857142857143,26.0,19.23076923076923,0.641025641025641,19.23076923076923,0.0,-19.23076923076923,16.666666666666668,500.00000000000006,484.42,-15.580000000000041,-0.03116000000000008,,,,,6634088776775,,,meta:ok;crm:stale,crm_mapping
campaign,2026-10-01,2026-09-01,2026-09-30,15,Pulsanti,Meta,Display,DYN_PUL NEW Meta,500.0,0.007874015748031496,,,11.0,45.45454545454545,1.5151515151515151,45.45454545454545,0.0,-45.45454545454545,16.666666666666668,500.00000000000006,457.42,-42.58000000000004,-0.08516000000000007,,,,,6901683340975,,,meta:ok;crm:stale,crm_mapping
campaign,2026-10-01,2026-09-01,2026-09-30,16,Whatsapp,Meta,Display,DYN_Landing_Whatsapp,1000.0,0.015748031496062992,917.0,1.0905125408942202,12.0,83.33333333333333,2.7777777777777777,83.33333333333333,0.0,-83.33333333333333,33.333333333333336,1000.0000000000001,1010.41,10.409999999999854,0.010409999999999853,,,,,52533122877779,,,meta:ok;crm:stale,crm_mapping
campaign,2026-10-01,2026-09-01,2026-09-30,18,Lead Veloce,Dem,DEM,DEM DYNAMICS ADVICE ME,4000.0,0.06299212598425197,555.0,7.207207207207207,7.6,526.3157894736843,23.923444976076556,526.3157894736843,0.0,-526.3157894736843,181.8181818181818,4000.0,0.0,-4000.0,-1.0,,,,,,,,manual:no_ads_source;crm:stale,crm_mapping
campaign,2026-10-01,2026-09-01,2026-09-30,19,Lead Veloce,Dem,DEM,DEM DIGITOO,4000.0,0.06299212598425197,315.0,12.698412698412698,9.0,444.44444444444446,20.202020202020204,444.4444444444445,0.0,-444.4444444444445,181.8181818181818,4000.0,0.0,-4000.0,-1.0,,,,,,,,manual:no_ads_source;crm:stale,crm_mapping
campaign,2026-10-01,2026-09-01,2026-09-30,20,Lead Veloce,Dem,DEM,DEM TIG,1000.0,0.015748031496062992,500.0,2.0,8.0,125.0,5.681818181818182,125.0,0.0,-125.0,45.45454545454545,1000.0,0.0,-1000.0,-1.0,,,,,,,,manual:no_ads_source;crm:stale,crm_mapping
subtotal,2026-10-01,2026-09-01,2026-09-30,,TOT Area Clienti,,,TOT Area Clienti,19500.0,0.307,395.0,49.0,43.0,453.0,15.1,453.0,428.0,-25.0,650.0,19500.0,19573.310681,73.31068099999902,0.0037595221025640523,45.73203430140187,2.7320343014018675,,,,,,partial;crm:stale,
subtotal,2026-10-01,2026-09-01,2026-09-30,,TOT Lead Veloce,,,TOT Lead Veloce,35000.0,0.5511811023622047,585.0,59.82905982905983,22.544162132669616,1552.508352008352,51.7502784002784,1552.508352008352,0,-1552.508352008352,1166.6666666666667,35000.0,30508.449964,-4491.550036000001,-0.12833000102857145,,,,,,,,partial;crm:stale,
subtotal,2026-10-01,2026-09-01,2026-09-30,,TOT DEM,,,TOT DEM,9000.0,0.14173228346456693,411.0,21.905619905619904,8.213475650433622,1095.7602339181287,49.80728335991494,1095.7602339181287,0,-1095.7602339181287,409.09090909090907,9000.0,0,-9000.0,-1.0,,,,,,,,success;crm:stale,
total,2026-10-01,2026-09-01,2026-09-30,,TOTALE GENERALE,,,TOTALE GENERALE,63500.0,1.0,485.71656831125796,130.73467973467973,20.475491960987267,3101.2685859264807,116.65756176019333,3101.2685859264807,428.0,-2673.2685859264807,2225.757575757576,63500.0,50081.760644999995,-13418.239355000005,-0.21131085598425206,117.01345945093456,96.53796748994729,,,,,,partial;crm:stale,
