row_type,report_date,start_date,end_date,excel_row,funnel,platform,channel,campaign_name,investimento_media,percentuale_investimento,cpp_medio,stima_pratiche,cpl_target,stima_lead,stima_lead_giornaliere,stima_lead_progressiva,lead_effettive,delta_lead,stima_spending_giornaliera,stima_spending_progressiva,speso_effettivo,delta_speso,delta_delivery_pct,cpl_effettivo,delta_cpl,action,google_campaign_id,meta_campaign_id,dynamics_campaign_key,source_status,lead_allocation_method
campaign,2026-08-30,2026-08-01,2026-08-29,2,Area Clienti,Google,Search,DYN_AREACL CQ e CQP | Calcola Preventivo - QUINTO DIGITALE,8000.0,0.18604651162790697,,,,,,,,,258.06451612903226,7483.870967741936,7635.386694,151.5157262580642,0.020245635836206855,,,,23993507424,,,google:ok;crm:stale,area_clienti_total
campaign,2026-08-30,2026-08-01,2026-08-29,3,Area Clienti,Google,Search,DYN_AREACL Delega di Pagamento - QUINTO DIGITALE,1000.0,0.023255813953488372,,,,,,,,,32.25806451612903,935.483870967742,875.473255,-60.010615967741956,-0.06414927913793106,,,,23998450448,,,google:ok;crm:stale,area_clienti_total
campaign,2026-08-30,2026-08-01,2026-08-29,4,Area Clienti,Meta,Display,DYN_AREACL 2.0 - PURCHASE,9500.0,0.22093023255813954,,,,,,,,,306.4516129032258,8887.096774193547,8309.61,-577.4867741935468,-0.06498036297640636,,,,,6905931065575,,meta:ok;crm:stale,area_clienti_total
campaign,2026-08-30,2026-08-01,2026-08-29,6,Lead Veloce,Google,Search,DYN_VELOCE Cessione del Quinto QUINTO DIGITALE,2000.0,0.046511627906976744,650.0,3.08,31.0,64.51612903225806,2.0811654526534857,60.353798126951084,22.0,-38.353798126951084,64.51612903225806,1870.967741935484,1745.88791,-125.07983193548398,-0.06685301362068971,79.35854136363636,48.35854136363636,,23968989759,,,google:ok;crm:stale,crm_mapping
campaign,2026-08-30,2026-08-01,2026-08-29,7,Lead Veloce,Google,Search,DYN_VELOCE Cessione del Quinto [Esatta] QUINTO DIGITALE,4000.0,0.09302325581395349,533.0,7.5,37.0,108.10810810810811,3.4873583260680037,101.1333914559721,20.0,-81.1333914559721,129.03225806451613,3741.935483870968,3686.133923,-55.80156087096793,-0.014912486094827636,184.30669615,147.30669615,,23990314506,,,google:ok;crm:stale,crm_mapping
campaign,2026-08-30,2026-08-01,2026-08-29,8,Lead Veloce,Google,Search,DYN_VELOCE CQ Pensionati QUINTO DIGITALE,500.0,0.011627906976744186,800.0,0.63,58.0,8.620689655172415,0.2780867630700779,8.06451612903226,2.0,-6.06451612903226,16.129032258064516,467.741935483871,446.775841,-20.96609448387096,-0.044824064068965504,223.3879205,165.3879205,,23993375943,,,google:ok;crm:stale,crm_mapping
campaign,2026-08-30,2026-08-01,2026-08-29,9,Lead Veloce,Google,Search,DYN_VELOCE CQ Pensionati ESTERO - Paesi Prioritari QUINTO DIGITALE,500.0,0.011627906976744186,500.0,1.0,160.0,3.125,0.10080645161290322,2.9233870967741935,1.0,-1.9233870967741935,16.129032258064516,467.741935483871,162.246346,-305.49558948387096,-0.6531285016551723,162.246346,2.2463459999999884,,23993437149,,,google:ok;crm:stale,crm_mapping
campaign,2026-08-30,2026-08-01,2026-08-29,10,Pulsanti,Google,Display,DYN_PUL Leads-Pmax,1500.0,0.03488372093023256,897.0,1.67,12.0,125.0,4.032258064516129,116.93548387096774,19.0,-97.93548387096774,48.38709677419355,1403.225806451613,1290.715402,-112.51040445161289,-0.0801798284597701,67.93238957894737,55.932389578947365,,21905808840,,,google:ok;crm:stale,crm_mapping
campaign,2026-08-30,2026-08-01,2026-08-29,11,Lead Veloce,Meta,Display,DYN_VELOCE New Creative Apr26,5500.0,0.12790697674418605,600.0,9.17,19.0,289.4736842105263,9.33786078098472,270.79796264855685,92.0,-178.79796264855685,177.41935483870967,5145.1612903225805,5049.15,-96.01129032258086,-0.018660501567398163,54.8820652173913,35.8820652173913,,,6944411197975,,meta:ok;crm:stale,crm_mapping
campaign,2026-08-30,2026-08-01,2026-08-29,12,Lead Veloce,Meta,Display,[BMK 2025] LeadGen CQD PEN [Romania],500.0,0.011627906976744186,1000.0,0.5,30.0,16.666666666666668,0.5376344086021506,15.591397849462368,7.0,-8.591397849462368,16.129032258064516,467.741935483871,314.7,-153.041935483871,-0.3271931034482759,44.957142857142856,14.957142857142856,,,6970690462575,,meta:ok;crm:stale,crm_mapping
campaign,2026-08-30,2026-08-01,2026-08-29,13,Lead Veloce,Meta,Display,[BMK 2025] LeadGen CQD PEN [Tunisia],500.0,0.011627906976744186,540.0,,90.0,5.555555555555555,0.17921146953405018,5.197132616487455,0.0,-5.197132616487455,16.129032258064516,467.741935483871,310.74,-157.00193548387097,-0.3356593103448276,,,,,6634088776775,,meta:ok;crm:stale,crm_mapping
campaign,2026-08-30,2026-08-01,2026-08-29,14,Whatsapp,Meta,Display,DYN_Landing_Whatsapp,1000.0,0.023255813953488372,,,23.0,43.47826086956522,1.402524544179523,40.67321178120617,3.0,-37.67321178120617,32.25806451612903,935.483870967742,846.95,-88.5338709677419,-0.09463965517241375,282.31666666666666,259.31666666666666,,,52533122877779,,meta:ok;crm:stale,crm_mapping
campaign,2026-08-30,2026-08-01,2026-08-29,16,Lead Veloce,Dem,DEM,DEM DYNAMICS ADVICE ME,4500.0,0.10465116279069768,645.0,7.0,7.6,592.1052631578948,28.195488721804516,563.9097744360903,93.0,-470.9097744360903,214.28571428571428,4285.714285714285,706.8,-3578.914285714285,-0.8350799999999999,7.6,0.0,,,,,manual:no_ads_source;crm:stale,crm_mapping
campaign,2026-08-30,2026-08-01,2026-08-29,17,Lead Veloce,Dem,DEM,DEM DIGITOO,3000.0,0.06976744186046512,305.0,10.0,9.0,333.3333333333333,15.873015873015872,317.4603174603174,60.0,-257.4603174603174,142.85714285714286,2857.1428571428573,540.0,-2317.1428571428573,-0.811,9.0,0.0,,,,,manual:no_ads_source;crm:stale,crm_mapping
campaign,2026-08-30,2026-08-01,2026-08-29,18,Lead Veloce,Dem,DEM,DEM TIG,1000.0,0.023255813953488372,500.0,2.0,8.0,125.0,5.9523809523809526,119.04761904761905,45.0,-74.04761904761905,47.61904761904762,952.3809523809524,360.0,-592.3809523809524,-0.622,8.0,0.0,,,,,manual:no_ads_source;crm:stale,crm_mapping
subtotal,2026-08-30,2026-08-01,2026-08-29,,TOT Area Clienti,,,TOT Area Clienti,18500.0,0.43023255813953487,418.0,44.0,43.0,430.2325581395349,13.87846961740435,402.47561890472616,116.0,-286.47561890472616,596.7741935483871,17306.451612903224,16820.469949000002,-485.9816639032215,-0.028080953552655857,145.00405128448278,102.00405128448278,,,,,partial;crm:stale,
subtotal,2026-08-30,2026-08-01,2026-08-29,,TOT Lead Veloce,,,TOT Lead Veloce,16000.0,0.37209302325581395,850.0,23.55,24.076656676515498,664.5440940978524,21.436906261221043,621.6702815754103,166.0,-455.6702815754102,516.1290322580645,14967.741935483871,13853.299422,-1114.4425134838712,-0.07445628861637932,83.45361097590362,59.37695429938812,,,,,partial;crm:stale,
subtotal,2026-08-30,2026-08-01,2026-08-29,,TOT DEM,,,TOT DEM,8500.0,0.19767441860465115,447.36842105263156,19.0,8.091858037578287,1050.438596491228,50.02088554720134,1000.4177109440268,198.0,-802.4177109440268,404.76190476190476,8095.238095238095,1606.8,-6488.438095238095,-0.8015129411764705,8.115151515151515,0.02329347757322786,,,,,success;crm:stale,
total,2026-08-30,2026-08-01,2026-08-29,,TOTALE GENERALE,,,TOTALE GENERALE,43000.0,1.0,496.82264586943967,86.55,20.044608589037583,2145.2152487286153,85.33626142582673,2024.5636114241634,480.0,-1544.5636114241634,1517.6651305683563,40369.43164362519,32280.569371,-8088.862272625189,-0.20037097237415566,67.25118618958334,47.20657760054576,,,,,partial;crm:stale,
