date,source,excel_row,spend_rollup_excel_row,campaign_id,campaign_name,spend,leads,monthly_lead_target,lead_allocation_method
2026-08-01,planning,,,,TOT Area Clienti,,,466.6666666666667,
2026-08-01,planning,,,,TOT DEM,,,1352.3391812865498,
2026-08-01,planning,,,,TOT Lead Veloce,,,1366.7183983027637,
2026-08-01,google_ads,10,9,23990314506,DYN_VELOCE Cessione del Quinto [Esatta] QUINTO DIGITALE,139.48793,,,
2026-08-01,google_ads,12,11,23993375943,DYN_VELOCE CQ Pensionati QUINTO DIGITALE,15.018146,,,
2026-08-01,google_ads,15,15,22660883424,DYN_PUL Landing a pulsanti,9.625539,,,
2026-08-01,google_ads,16,16,21905808840,DYN_PUL Leads-Pmax,107.355221,,,
2026-08-01,google_ads,3,2,23993507424,DYN_AREACL CQ e CQP | Calcola Preventivo - QUINTO DIGITALE,258.514034,,,
2026-08-01,google_ads,5,4,23998450448,DYN_AREACL Delega di Pagamento - QUINTO DIGITALE,32.062678,,,
2026-08-01,google_ads,8,8,23968989759,DYN_VELOCE Cessione del Quinto QUINTO DIGITALE,106.105276,,,
2026-08-01,meta_ads,17,17,6944411197975,DYN_VELOCE New Creative Apr26,164.89,,,
2026-08-01,meta_ads,19,19,6970690462575,DYN_VELOCE LeadGen CQD PEN [Romania] MAG26,10.11,,,
2026-08-01,meta_ads,20,20,6634088776775,DYN_VELOCE LeadGen CQD PEN [Tunisia],11.1,,,
2026-08-01,meta_ads,6,6,6905931065575,DYN_AREACL 2.0 - PURCHASE,295.44,,,
2026-08-02,google_ads,10,9,23990314506,DYN_VELOCE Cessione del Quinto [Esatta] QUINTO DIGITALE,134.212459,,,
2026-08-02,google_ads,12,11,23993375943,DYN_VELOCE CQ Pensionati QUINTO DIGITALE,18.97,,,
2026-08-02,google_ads,16,16,21905808840,DYN_PUL Leads-Pmax,81.951043,,,
2026-08-02,google_ads,3,2,23993507424,DYN_AREACL CQ e CQP | Calcola Preventivo - QUINTO DIGITALE,264.70467,,,
2026-08-02,google_ads,5,4,23998450448,DYN_AREACL Delega di Pagamento - QUINTO DIGITALE,31.578175,,,
2026-08-02,google_ads,8,8,23968989759,DYN_VELOCE Cessione del Quinto QUINTO DIGITALE,104.255776,,,
2026-08-02,meta_ads,17,17,6944411197975,DYN_VELOCE New Creative Apr26,187.19,,,
2026-08-02,meta_ads,19,19,6970690462575,DYN_VELOCE LeadGen CQD PEN [Romania] MAG26,11.62,,,
2026-08-02,meta_ads,20,20,6634088776775,DYN_VELOCE LeadGen CQD PEN [Tunisia],9.75,,,
2026-08-02,meta_ads,6,6,6905931065575,DYN_AREACL 2.0 - PURCHASE,270.98,,,
2026-08-03,google_ads,10,9,23990314506,DYN_VELOCE Cessione del Quinto [Esatta] QUINTO DIGITALE,145.274431,,,
2026-08-03,google_ads,12,11,23993375943,DYN_VELOCE CQ Pensionati QUINTO DIGITALE,15.65,,,
2026-08-03,google_ads,16,16,21905808840,DYN_PUL Leads-Pmax,38.293823,,,
2026-08-03,google_ads,3,2,23993507424,DYN_AREACL CQ e CQP | Calcola Preventivo - QUINTO DIGITALE,262.991914,,,
2026-08-03,google_ads,5,4,23998450448,DYN_AREACL Delega di Pagamento - QUINTO DIGITALE,31.87586,,,
2026-08-03,google_ads,8,8,23968989759,DYN_VELOCE Cessione del Quinto QUINTO DIGITALE,103.510303,,,
2026-08-03,meta_ads,17,17,6944411197975,DYN_VELOCE New Creative Apr26,196.96,,,
2026-08-03,meta_ads,19,19,6970690462575,DYN_VELOCE LeadGen CQD PEN [Romania] MAG26,9.61,,,
2026-08-03,meta_ads,20,20,6634088776775,DYN_VELOCE LeadGen CQD PEN [Tunisia],11.18,,,
2026-08-03,meta_ads,23,23,52533122877779,DYN_Landing_Whatsapp,61.36,,,
2026-08-03,meta_ads,6,6,6905931065575,DYN_AREACL 2.0 - PURCHASE,300.64,,,
2026-08-04,google_ads,10,9,23990314506,DYN_VELOCE Cessione del Quinto [Esatta] QUINTO DIGITALE,137.558355,,,
2026-08-04,google_ads,12,11,23993375943,DYN_VELOCE CQ Pensionati QUINTO DIGITALE,18.37,,,
2026-08-04,google_ads,16,16,21905808840,DYN_PUL Leads-Pmax,54.694311,,,
2026-08-04,google_ads,3,2,23993507424,DYN_AREACL CQ e CQP | Calcola Preventivo - QUINTO DIGITALE,272.378129,,,
2026-08-04,google_ads,5,4,23998450448,DYN_AREACL Delega di Pagamento - QUINTO DIGITALE,32.008215,,,
2026-08-04,google_ads,8,8,23968989759,DYN_VELOCE Cessione del Quinto QUINTO DIGITALE,102.692126,,,
2026-08-04,meta_ads,17,17,6944411197975,DYN_VELOCE New Creative Apr26,168.74,,,
2026-08-04,meta_ads,19,19,6970690462575,DYN_VELOCE LeadGen CQD PEN [Romania] MAG26,11.09,,,
2026-08-04,meta_ads,20,20,6634088776775,DYN_VELOCE LeadGen CQD PEN [Tunisia],7.54,,,
2026-08-04,meta_ads,23,23,52533122877779,DYN_Landing_Whatsapp,36.14,,,
2026-08-04,meta_ads,6,6,6905931065575,DYN_AREACL 2.0 - PURCHASE,290.74,,,
